{"camera_matrix": [[844.137337008991, 0.0, 960.8298413769222], [0.0, 842.5622327637994, 718.4854557907947], [0.0, 0.0, 1.0]], "dist_coeffs": [[-0.21373272842644966, 0.04473617172591212, 4.5628211368062624e-05, 0.00011476267549609344, -0.003931817774437831]], "reprojection_error": 0.22356909382156295}