{"camera_matrix": [[844.1373363659038, 0.0, 960.8298409621825], [0.0, 842.5622323955788, 718.4854561473512], [0.0, 0.0, 1.0]], "dist_coeffs": [[-0.21373272787452335, 0.04473617148892164, 4.562816219325567e-05, 0.00011476268105963699, -0.003931817745804896]], "reprojection_error": 0.2235690804048113}